Product Name,Product Description,ProductCode,SKU,Product Family,Category,Media Standard Url 1,Media Listing URL,Price
"GoBrew French Roast Whole Bean, 16 oz bag",Alpine Blends GoBrew French Roast Whole Bean Coffee in 16 oz recyclable bag. Great value 100% Arabic French Roast Dark Ground Coffee showcases a rich blend of Arabica beans that are dark roasted for a deep captivating flavor.,16010002,16010002,Alpine Blends,Drinks/Coffee,https://s3.amazonaws.com/northerntrailoutfitters.com/nto-alpine-nutrition/default/images/large/alpine-blends-gobrew-coffee-wholebean-frenchroast.jpg,https://s3.amazonaws.com/northerntrailoutfitters.com/nto-alpine-nutrition/default/images/large/alpine-blends-gobrew-coffee-wholebean-frenchroast.jpg,19.99
"GoBar Hi Protein, 2oz 12 Pack",Hi-Protein GoBars are an athletes favorite with it unique taste and healthy composition.,16010003,16010003,Alpine Nutrition,Energy/Energy Bars,https://s3.amazonaws.com/northerntrailoutfitters.com/nto-alpine-nutrition/default/images/large/BarsBoxof6_Go_GreenTea_Large.png,https://s3.amazonaws.com/northerntrailoutfitters.com/nto-alpine-nutrition/default/images/large/BarsBoxof6_Go_GreenTea_Large.png,24.99
"GoBar Tart Cherry Hi Protein, 2oz 12 Pack",Hi-Protein GoBars are an athletes favorite with it unique taste and healthy composition.,16010003112,16010003112,,Energy/Energy Bars,https://s3.amazonaws.com/northerntrailoutfitters.com/nto-alpine-nutrition/default/images/large/BarsBoxof24_Go_Cherry_Large.png,https://s3.amazonaws.com/northerntrailoutfitters.com/nto-alpine-nutrition/default/images/large/BarsBoxof24_Go_Cherry_Large.png,79.99
"GoBar Tart Cherry Hi Protein, 2oz 24 Pack (Case)",Hi-Protein GoBars are an athletes favorite with it unique taste and healthy composition.,16010003124,16010003124,,Energy/Energy Bars,https://s3.amazonaws.com/northerntrailoutfitters.com/nto-alpine-nutrition/default/images/large/BarsBoxof12_Go_Cherry_Large.png,https://s3.amazonaws.com/northerntrailoutfitters.com/nto-alpine-nutrition/default/images/large/BarsBoxof12_Go_Cherry_Large.png,37.5
"GoBar Tart Cherry Hi Protein, 2oz 6 Pack",Hi-Protein GoBars are an athletes favorite with it unique taste and healthy composition.,1601000316,1601000316,,Energy/Energy Bars,https://s3.amazonaws.com/northerntrailoutfitters.com/nto-alpine-nutrition/default/images/large/BarsBoxof6_Go_Cherry_Large.png,https://s3.amazonaws.com/northerntrailoutfitters.com/nto-alpine-nutrition/default/images/large/BarsBoxof6_Go_Cherry_Large.png,24.99
"GoBrew French Roast MCT + Protein Vegan, 6 oz can - 6 pack",Alpine Blends GoBrew French Roast Coffee in 6 oz can. Great value 100% Arabic French Roast Dark Ground Coffee showcases a rich blend of Arabica beans that are dark roasted for a deep captivating flavor.,16010004,16010004,,Drinks/Coffee,https://s3.amazonaws.com/northerntrailoutfitters.com/nto-alpine-nutrition/default/images/large/alpine-blends-gobrew-frenchroast.jpg,https://s3.amazonaws.com/northerntrailoutfitters.com/nto-alpine-nutrition/default/images/large/alpine-blends-gobrew-frenchroast.jpg,19.99
"GoBrew Moca MCT + Protein Vegetarian, 6 oz can - 6 pack","Alpine Blends GoBrew Mocha Coffee in 6 oz can. Great value Coffee and mocha flavored brew is a pre or post workout drink loaded with protein, natural chocolate, aminos, premium flax and 3 carbs.",16010006,16010006,Alpine Blends,Drinks/Coffee,https://s3.amazonaws.com/northerntrailoutfitters.com/nto-alpine-nutrition/default/images/large/alpine-blends-gobrew-moca.jpg,https://s3.amazonaws.com/northerntrailoutfitters.com/nto-alpine-nutrition/default/images/large/alpine-blends-gobrew-moca.jpg,19.99
Alpine Energy CO2 Cartridge for Smart Dispenser - 24 Pack,Alpine Energy C02 Cartridge for use with Alpine Smart Dispensers. Put a little fizz in Alpine Energy beverages. Perfect for beverage dispensing on the go!,16010007,16010007,Alpine Energy,Drinks/Energy Drinks,https://s3.amazonaws.com/northerntrailoutfitters.com/nto-alpine-nutrition/default/images/large/alpine_energy_product_co2-cartridge.jpg,https://s3.amazonaws.com/northerntrailoutfitters.com/nto-alpine-nutrition/default/images/large/alpine_energy_product_co2-cartridge.jpg,59.99
Alpine Energy Drink Chai During 0.5L PET - 6 pack,"Alpine Energy During sports beverage, This favorful Chai energy drink is a during training beverage to help you stay hydrated and get an extra energy boost during workouts. 0.5L PET",16010008,16010008,Alpine Energy,Drinks/Energy Drinks,https://s3.amazonaws.com/northerntrailoutfitters.com/nto-alpine-nutrition/default/images/large/6Pack-Chai-During-Large.jpg,https://s3.amazonaws.com/northerntrailoutfitters.com/nto-alpine-nutrition/default/images/large/6Pack-Chai-During-Large.jpg,24.99
Alpine Energy Drink Chai Post 0.5L PET - 6 pack,A signature Alpine health and fitness beverage. This post-workout beverage with Chai flavor is designed to help athletes maximize recovery and gains. 0.5L PET,16010009,16010009,Alpine Energy,Drinks/Energy Drinks,https://s3.amazonaws.com/northerntrailoutfitters.com/nto-alpine-nutrition/default/images/large/6Pack-Chai-Post-Large.jpg,https://s3.amazonaws.com/northerntrailoutfitters.com/nto-alpine-nutrition/default/images/large/6Pack-Chai-Post-Large.jpg,24.99
Alpine Energy Drink Chai Pre 0.5L PET - 6 pack,Alpine Energy Pre workout sports beverage. This Chai flavor packed drink is a pre-training beverage to give you fuel to push through to the next level. 0.5L PET,16010010,16010010,Alpine Energy,Drinks/Energy Drinks,https://s3.amazonaws.com/northerntrailoutfitters.com/nto-alpine-nutrition/default/images/large/6Pack-Chai-Pre-Large.jpg,https://s3.amazonaws.com/northerntrailoutfitters.com/nto-alpine-nutrition/default/images/large/6Pack-Chai-Pre-Large.jpg,24.99
Alpine Energy Drink Green Tea During 0.5L PET - 6 pack,"Alpine Energy During sports beverage, This favorful Green Tea energy drink is a during training beverage to help you stay hydrated and get an extra energy boost during workouts. 0.5L PET",16010011,16010011,Alpine Energy,Drinks/Energy Drinks,https://s3.amazonaws.com/northerntrailoutfitters.com/nto-alpine-nutrition/default/images/large/6Pack-Green-Tea-During-Large.jpg,https://s3.amazonaws.com/northerntrailoutfitters.com/nto-alpine-nutrition/default/images/large/6Pack-Green-Tea-During-Large.jpg,24.99
Alpine Energy Drink Green Tea Post 0.5L PET - 6 pack,A signature Alpine health and fitness beverage. This post-workout beverage with Green Tea flavor is designed to help athletes maximize recovery and gains. 0.5L PET,16010012,16010012,Alpine Energy,Drinks/Energy Drinks,https://s3.amazonaws.com/northerntrailoutfitters.com/nto-alpine-nutrition/default/images/large/6Pack-Green-Tea-Post-Large.jpg,https://s3.amazonaws.com/northerntrailoutfitters.com/nto-alpine-nutrition/default/images/large/6Pack-Green-Tea-Post-Large.jpg,24.99
Alpine Energy Drink Green Tea Pre 0.5L PET - 6 pack,Alpine Energy Pre workout sports beverage. This Green Tea flavor packed drink is a pre-training beverage to give you fuel to push through to the next level. 0.5L PET,16010013,16010013,Alpine Energy,Drinks/Energy Drinks,https://s3.amazonaws.com/northerntrailoutfitters.com/nto-alpine-nutrition/default/images/large/6Pack-Green-Tea-Pre-Large.jpg,https://s3.amazonaws.com/northerntrailoutfitters.com/nto-alpine-nutrition/default/images/large/6Pack-Green-Tea-Pre-Large.jpg,24.99
Alpine Energy Drink Tart Cherry During 0.5L PET - 6 pack,Alpine Energy During sports beverage. This favorful Tart Cherry energy drink is a during training beverage to help you stay hydrated and get an extra energy boost during workouts. 0.5L PET,16010014,16010014,Alpine Energy,Drinks/Energy Drinks,https://s3.amazonaws.com/northerntrailoutfitters.com/nto-alpine-nutrition/default/images/large/6Pack-Tart-Cherry-During-Large.jpg,https://s3.amazonaws.com/northerntrailoutfitters.com/nto-alpine-nutrition/default/images/large/6Pack-Tart-Cherry-During-Large.jpg,24.99
Alpine Energy Drink Tart Cherry Post 0.5L PET - 6 pack,A signature Alpine health and fitness beverage. This post-workout beverage with Tart Cherry flavor is designed to help athletes maximize recovery and gains. 0.5L PET,16010015,16010015,Alpine Energy,Drinks/Energy Drinks,https://s3.amazonaws.com/northerntrailoutfitters.com/nto-alpine-nutrition/default/images/large/6Pack-Tart-Cherry-Post-Large.jpg,https://s3.amazonaws.com/northerntrailoutfitters.com/nto-alpine-nutrition/default/images/large/6Pack-Tart-Cherry-Post-Large.jpg,24.99
Alpine Energy Drink Tart Cherry Pre 0.5L PET - 6 pack,Alpine Energy Pre workout sports beverage. This Tart Cherry flavor packed drink is a pre-training beverage to give you fuel to push through to the next level. 0.5L PET,16010016,16010016,Alpine Energy,Drinks/Energy Drinks,https://s3.amazonaws.com/northerntrailoutfitters.com/nto-alpine-nutrition/default/images/large/6Pack-Tart-Cherry-Pre-Large.jpg,https://s3.amazonaws.com/northerntrailoutfitters.com/nto-alpine-nutrition/default/images/large/6Pack-Tart-Cherry-Pre-Large.jpg,24.99
"Alpine Energy During Eco Pod, Chai","One box of Alpine Energy During Workout single serve, compostable Eco Pods. Chai Flavor.",16010018,16010018,Alpine Energy,Drinks/Energy Drinks,https://s3.amazonaws.com/northerntrailoutfitters.com/nto-alpine-nutrition/default/images/large/alpine_energy_product_ecopod-chai.jpg,https://s3.amazonaws.com/northerntrailoutfitters.com/nto-alpine-nutrition/default/images/large/alpine_energy_product_ecopod-chai.jpg,12.99
"Alpine Energy Post Eco Pod, Chai","One box of Alpine Energy Post Workout single serve, compostable Eco Pods. Chai Flavor.",16010019,16010019,Alpine Energy,Drinks/Energy Drinks,https://s3.amazonaws.com/northerntrailoutfitters.com/nto-alpine-nutrition/default/images/large/alpine_energy_product_ecopod-chai.jpg,https://s3.amazonaws.com/northerntrailoutfitters.com/nto-alpine-nutrition/default/images/large/alpine_energy_product_ecopod-chai.jpg,12.99
"Alpine Energy Pre Eco Pod, Chai","One box of Alpine Energy Pre Workout single serve, compostable Eco Pods. Chai Flavor.",16010020,16010020,Alpine Energy,Drinks/Energy Drinks,https://s3.amazonaws.com/northerntrailoutfitters.com/nto-alpine-nutrition/default/images/large/alpine_energy_product_ecopod-chai.jpg,https://s3.amazonaws.com/northerntrailoutfitters.com/nto-alpine-nutrition/default/images/large/alpine_energy_product_ecopod-chai.jpg,12.99
"Alpine Energy During Eco Pod, Tart Cherry","One box of Alpine Energy During Workout single serve, compostable Eco Pods. Tart Cherry Flavor.",16010024,16010024,Alpine Energy,Drinks/Energy Drinks,https://s3.amazonaws.com/northerntrailoutfitters.com/nto-alpine-nutrition/default/images/large/alpine_energy_product_ecopod-tartcherry.jpg,https://s3.amazonaws.com/northerntrailoutfitters.com/nto-alpine-nutrition/default/images/large/alpine_energy_product_ecopod-tartcherry.jpg,12.99
"Alpine Energy Post Eco Pod, Tart Cherry","One box of Alpine Energy Post Workout single serve, compostable Eco Pods. Tart Cherry Flavor.",16010025,16010025,Alpine Energy,Drinks/Energy Drinks,https://s3.amazonaws.com/northerntrailoutfitters.com/nto-alpine-nutrition/default/images/large/alpine_energy_product_ecopod-tartcherry.jpg,https://s3.amazonaws.com/northerntrailoutfitters.com/nto-alpine-nutrition/default/images/large/alpine_energy_product_ecopod-tartcherry.jpg,12.99
"GoBar Cranberry Hi Protein, 2oz - 6 pack",Hi-Protein Cranberry flavored GoBars are an athletes favorite with it unique taste and healthy composition.,16010026,16010026,Alpine Nutrition,Energy/Energy Bars,https://s3.amazonaws.com/northerntrailoutfitters.com/nto-alpine-nutrition/default/images/large/alpine-energy-goBAR-cranberry.jpg,https://s3.amazonaws.com/northerntrailoutfitters.com/nto-alpine-nutrition/default/images/large/alpine-energy-goBAR-cranberry.jpg,12.99
"GoBar Cranberry Vegan, 2oz - 6 pack","Alpine Cranberry Vegan GoBar is a grab and go Vegan Protein performance bar. Engineered for athletes, GoBar helps you achieve your daily protein intake while keeping you full.",16010027,16010027,Alpine Nutrition,Energy/Energy Bars,https://s3.amazonaws.com/northerntrailoutfitters.com/nto-alpine-nutrition/default/images/large/alpine-energy-goBAR-cranberry.jpg,https://s3.amazonaws.com/northerntrailoutfitters.com/nto-alpine-nutrition/default/images/large/alpine-energy-goBAR-cranberry.jpg,12.99
"GoBar Green Tea Hi Protein, 2oz - 6 pack",Hi Protein Green Tea flavored GoBars are an athletes favorite with it unique taste and healthy composition.,16010028,16010028,Alpine Nutrition,Energy/Energy Bars,https://s3.amazonaws.com/northerntrailoutfitters.com/nto-alpine-nutrition/default/images/large/BarsBoxof6_Go_GreenTea_Large.png,https://s3.amazonaws.com/northerntrailoutfitters.com/nto-alpine-nutrition/default/images/large/BarsBoxof6_Go_GreenTea_Large.png,12.99
"GoBar Tart Cherry Hi Protein, 2oz - 6 pack",Hi-Protein Tart Cherry flavored GoBars are an athletes favorite with it unique taste and healthy composition.,16010030,16010030,Alpine Nutrition,Energy/Energy Bars,https://s3.amazonaws.com/northerntrailoutfitters.com/nto-alpine-nutrition/default/images/large/alpine-energy-goBAR-tartcherry.jpg,https://s3.amazonaws.com/northerntrailoutfitters.com/nto-alpine-nutrition/default/images/large/alpine-energy-goBAR-tartcherry.jpg,12.99
"GoBar Tart Cherry Vegan, 2oz - 6 pack","Alpine Tart Cherry Vegan GoBar is a grab and go Vegan Protein performance bar. Engineered for athletes, GoBar helps you achieve your daily protein intake while keeping you full.",16010031,16010031,Alpine Nutrition,Energy/Energy Bars,https://s3.amazonaws.com/northerntrailoutfitters.com/nto-alpine-nutrition/default/images/large/alpine-energy-goBAR-tartcherry.jpg,https://s3.amazonaws.com/northerntrailoutfitters.com/nto-alpine-nutrition/default/images/large/alpine-energy-goBAR-tartcherry.jpg,11.5
"GoGoo Blueberry Caffeinated, 1oz - 6 pack",Alpine Sport Energy GoGoo Caffeinated Gel Pack. Performance and Endurance when you need it.,16010032,16010032,Alpine Nutrition,Energy/Energy Gels,https://s3.amazonaws.com/northerntrailoutfitters.com/nto-alpine-nutrition/default/images/large/alpine-energy-gogoo-blueberry-caffeinefree.jpg,https://s3.amazonaws.com/northerntrailoutfitters.com/nto-alpine-nutrition/default/images/large/alpine-energy-gogoo-blueberry-caffeinefree.jpg,11.5
"GoGoo Chai Caffeinated, 1oz - 6 pack - 6 pack",Alpine Sport Energy GoGoo Caffeinated Gel Pack. Performance and Endurance when you need it.,16010034,16010034,Alpine Nutrition,Energy/Energy Gels,https://s3.amazonaws.com/northerntrailoutfitters.com/nto-alpine-nutrition/default/images/large/alpine-energy-gogoo-chai-caffeine.jpg,https://s3.amazonaws.com/northerntrailoutfitters.com/nto-alpine-nutrition/default/images/large/alpine-energy-gogoo-chai-caffeine.jpg,11.5
"GoGoo Tart Cherry Caffeinated, 1oz - 6 pack",Alpine Sport Energy GoGoo Caffeinated Gel Pack. Performance and Endurance when you need it.,16010036,16010036,Alpine Nutrition,Energy/Energy Gels,https://s3.amazonaws.com/northerntrailoutfitters.com/nto-alpine-nutrition/default/images/large/alpine-energy-gogoo-tartcherry-caffeine.jpg,https://s3.amazonaws.com/northerntrailoutfitters.com/nto-alpine-nutrition/default/images/large/alpine-energy-gogoo-tartcherry-caffeine.jpg,11.5
"GoGoo Tart Cherry Non-Caffeinated, 1oz - 6 pack",Alpine Sport Energy GoGoo Non-Caffeinated Gel Pack. Performance and Endurance when you need it.,16010037,16010037,Alpine Nutrition,Energy/Energy Gels,https://s3.amazonaws.com/northerntrailoutfitters.com/nto-alpine-nutrition/default/images/large/alpine-energy-gogoo-tartcherry-caffeinefree.jpg,https://s3.amazonaws.com/northerntrailoutfitters.com/nto-alpine-nutrition/default/images/large/alpine-energy-gogoo-tartcherry-caffeinefree.jpg,11.5
Alpine Energy Premium Smart Dispenser,"Alpine has reinvented your countertop with a premium energy drink smart dispenser for single-serve beverages. Calling all athletes, reduce your plastics waste now.",16010039,16010039,,Machines/Smart Dispenser,https://s3.amazonaws.com/northerntrailoutfitters.com/nto-alpine-nutrition/default/images/large/alpine_energy_product_smart-dispenser02.jpg,https://s3.amazonaws.com/northerntrailoutfitters.com/nto-alpine-nutrition/default/images/large/alpine_energy_product_smart-dispenser02.jpg,309.99
Alpine Energy Replacement Filter for Smart Dispenser,Alpine Energy Replacement Filter for use with Alpine Smart Dispensers. Ensure fantastic flavor in every cup. Perfect for beverage dispensing on the go!,16010040,16010040,Alpine Energy,Machines/Smart Dispenser,https://s3.amazonaws.com/northerntrailoutfitters.com/nto-alpine-nutrition/default/images/large/alpine_energy_product_replacement-filter.jpg,https://s3.amazonaws.com/northerntrailoutfitters.com/nto-alpine-nutrition/default/images/large/alpine_energy_product_replacement-filter.jpg,28.5
Alpine Energy Slim-line Smart Dispenser,"Alpine has reinvented your countertop with a sleek and simple connected energy drink smart dispenser for single-serve beverages. Calling all athletes, reduce your plastics waste now.",16010041,16010041,,Machines/Coffee Machine,https://s3.amazonaws.com/northerntrailoutfitters.com/nto-alpine-nutrition/default/images/large/alpine_energy_product_smart-dispenser-01.jpg,https://s3.amazonaws.com/northerntrailoutfitters.com/nto-alpine-nutrition/default/images/large/alpine_energy_product_smart-dispenser-01.jpg,105.5
GoBrew Connected Coffee Machine,Alpine GoBrew Connected Coffee Machine with all the benefits of connectivity. A smarter way to start your day.,16010042,16010042,,Machines/Coffee Machine,https://s3.amazonaws.com/northerntrailoutfitters.com/nto-alpine-nutrition/default/images/large/go-brew.jpg,https://s3.amazonaws.com/northerntrailoutfitters.com/nto-alpine-nutrition/default/images/large/go-brew.jpg,315.99
"BigfootBar Blueberry/Pistacio Paleo, 2oz bar - 6 pack","Alpine's Bigfootbar is no hoax. The energy bar that tastes light with a fruity blueberry flavor, but is packed with powerful nutrition. Paleo philosophy a healthier choice. Contains pistacio nuts, natural fruit, and whole unprocessed foods.",16010045,16010045,Alpine Nutrition,Energy/Energy Bars,https://s3.amazonaws.com/northerntrailoutfitters.com/nto-alpine-nutrition/default/images/large/alpine-nutrition-bigfoot-blueberrypistacio.jpg,https://s3.amazonaws.com/northerntrailoutfitters.com/nto-alpine-nutrition/default/images/large/alpine-nutrition-bigfoot-blueberrypistacio.jpg,22.5
"BigfootBar Blueberry/Sunflower Paleo, 2oz bar - 6 pack","Alpine's Bigfootbar is no hoax. The energy bar that tastes light with a fruity blueberry flavor, but is packed with powerful nutrition. Paleo philosophy a healthier choice. Contains sunflower seeds, natural fruit, and whole unprocessed foods.",16010046,16010046,Alpine Nutrition,Energy/Energy Bars,https://s3.amazonaws.com/northerntrailoutfitters.com/nto-alpine-nutrition/default/images/large/alpine-nutrition-bigfoot-blueberrysunflower.jpg,https://s3.amazonaws.com/northerntrailoutfitters.com/nto-alpine-nutrition/default/images/large/alpine-nutrition-bigfoot-blueberrysunflower.jpg,22.5
"BigfootBar Cranberry/Pistacio Paleo, 2oz bar - 6 pack","Alpine's Bigfootbar is no hoax. The energy bar that tastes light with a fruity cranberry flavor, but is packed with powerful nutrition. Paleo philosophy a healthier choice. Contains pistacio nuts, natural fruit, and whole unprocessed foods.",16010047,16010047,Alpine Nutrition,Energy/Energy Bars,https://s3.amazonaws.com/northerntrailoutfitters.com/nto-alpine-nutrition/default/images/large/alpine-nutrition-bigfoot-cranberrypistacio.jpg,https://s3.amazonaws.com/northerntrailoutfitters.com/nto-alpine-nutrition/default/images/large/alpine-nutrition-bigfoot-cranberrypistacio.jpg,22.5
"BigfootBar Cranberry/Sunflower Paleo, 2oz bar - 6 pack","Alpine's Bigfootbar is no hoax. The energy bar that tastes light with a fruity tart cranberry flavor, but is packed with powerful nutrition. Contains sunflower seeds, natural fruit, and whole unprocessed foods.",16010048,16010048,Alpine Nutrition,Energy/Energy Bars,https://s3.amazonaws.com/northerntrailoutfitters.com/nto-alpine-nutrition/default/images/large/alpine-nutrition-bigfoot-tartcherrypistacio.jpg,https://s3.amazonaws.com/northerntrailoutfitters.com/nto-alpine-nutrition/default/images/large/alpine-nutrition-bigfoot-tartcherrypistacio.jpg,22.5
"BigfootBar Tart Cherry/Pistacio Paleo, 2oz bar - 6 pack","Alpine's Bigfootbar is no hoax. The energy bar that tastes light with a fruity tart cherry flavor, but is packed with powerful nutrition. Paleo philosophy a healthier choice. Contains pistacio nuts, natural fruit, and whole unprocessed foods.",16010049,16010049,Alpine Nutrition,Energy/Energy Bars,https://s3.amazonaws.com/northerntrailoutfitters.com/nto-alpine-nutrition/default/images/large/alpine-nutrition-bigfoot-tartcherrypistacio.jpg,https://s3.amazonaws.com/northerntrailoutfitters.com/nto-alpine-nutrition/default/images/large/alpine-nutrition-bigfoot-tartcherrypistacio.jpg,22.5
"BigfootBar Tart Cherry/Sunflower Paleo, 2oz bar - 6 pack","Alpine's Bigfootbar is no hoax. The energy bar that tastes light with a fruity tart cherry flavor, but is packed with powerful nutrition. Paleo philosophy a healthier choice. Contains nuts, natural fruit, and whole unprocessed foods.",16010050,16010050,Alpine Nutrition,Energy/Energy Bars,https://s3.amazonaws.com/northerntrailoutfitters.com/nto-alpine-nutrition/default/images/large/alpine-nutrition-bigfoot-tartcherrysunflower.jpg,https://s3.amazonaws.com/northerntrailoutfitters.com/nto-alpine-nutrition/default/images/large/alpine-nutrition-bigfoot-tartcherrysunflower.jpg,22.5
"YetiBar Blueberry/Bison Paleo, 2oz bar - 6 pack","This Yeti is a bit wild, yet something to worship. Yetibar made from grass-fed bison, but with a blueberry flavor. Paleo philosophy a healthier choice with a protein boost to aid in your recorvery regimen. Contains nuts, whole unprocessed foods.",16010051,16010051,Alpine Nutrition,Energy/Energy Bars,https://s3.amazonaws.com/northerntrailoutfitters.com/nto-alpine-nutrition/default/images/large/alpine-nutrition-yeti-blueberrybison.jpg,https://s3.amazonaws.com/northerntrailoutfitters.com/nto-alpine-nutrition/default/images/large/alpine-nutrition-yeti-blueberrybison.jpg,22.5
"YetiBar Cranberry/Bison Paleo, 2oz bar - 6 pack","This Yeti is a bit wild, yet something to worship. Yetibar made from grass-fed bison, but with a cranberry flavor. Paleo philosophy a healthier choice with a protein boost to aid in your recorvery regimen. Contains nuts, whole unprocessed foods.",16010053,16010053,Alpine Nutrition,Energy/Energy Bars,https://s3.amazonaws.com/northerntrailoutfitters.com/nto-alpine-nutrition/default/images/large/alpine-nutrition-yeti-cranberrybison.jpg,https://s3.amazonaws.com/northerntrailoutfitters.com/nto-alpine-nutrition/default/images/large/alpine-nutrition-yeti-cranberrybison.jpg,22.5
"YetiBar Mint Chocolate Chip, 2oz bar - 6 pack","This Yeti is a bit wild, yet something to worship. Yetibar is vegan, gluten free, high protein, low Carb, mint chocolate chunk protein bar.",16010055,16010055,Alpine Nutrition,Energy/Energy Bars,https://s3.amazonaws.com/northerntrailoutfitters.com/nto-alpine-nutrition/default/images/large/alpine-nutrition-yeti-bar.jpg,https://s3.amazonaws.com/northerntrailoutfitters.com/nto-alpine-nutrition/default/images/large/alpine-nutrition-yeti-bar.jpg,22.5
"YetiBar Tart Cherry/Bison Paleo, 2oz bar","This Yeti is a bit wild, yet something to worship. Yetibar made from grass-fed bison, but with a tart cherry flavor. Paleo philosophy a healthier choice with a protein boost to aid in your recorvery regimen. Contains nuts, whole unprocessed foods.",16010056,16010056,Alpine Nutrition,Energy/Energy Bars,https://s3.amazonaws.com/northerntrailoutfitters.com/nto-alpine-nutrition/default/images/large/alpine-nutrition-yeti-tartcherrybison.jpg,https://s3.amazonaws.com/northerntrailoutfitters.com/nto-alpine-nutrition/default/images/large/alpine-nutrition-yeti-tartcherrybison.jpg,22.5
"YetiBar Tart Cherry/Chicken Paleo, 2oz bar","This Yeti is a bit wild, yet something to worship. Yetibar made from grass-fed chicken, but with a tart cherry flavor. Paleo philosophy a healthier choice. Contains nuts, whole unprocessed foods.",16010057,16010057,Alpine Nutrition,Energy/Energy Bars,https://s3.amazonaws.com/northerntrailoutfitters.com/nto-alpine-nutrition/default/images/large/alpine-nutrition-yeti-tartcherrychicken.jpg,https://s3.amazonaws.com/northerntrailoutfitters.com/nto-alpine-nutrition/default/images/large/alpine-nutrition-yeti-tartcherrychicken.jpg,22.5
